iter	Logloss
0	0.6849948689
1	0.6770324188
2	0.6692091352
3	0.6615959692
4	0.6540536957
5	0.6466852936
6	0.6394927555
7	0.6323840508
8	0.6254064296
9	0.6185669671
