iter	Logloss
0	0.6824804491
1	0.6723736478
2	0.6771704654
3	0.67190868
4	4	0.66093832355	0.654605956	06	0.648579277	07	0.64246128	0.8	0.63641979	0.9	0.630468610	010	0.62453751111	0.6189706331212	0.6133554215
13	0.6076921808
14	0.6022987542
15	0.5969052372
16	0.5914407763
